borough,population_total,population_no2_exposed,population_no2_rate,population_weighted_no2,population_pm25_exposed,population_pm25_rate,population_weighted_pm25,borough_key,schools_site_count,schools_no2_exposed_count,schools_pm25_exposed_count,schools_no2_exposed_rate,schools_pm25_exposed_rate,schools_mean_no2,schools_mean_pm25,health_site_count,health_no2_exposed_count,health_pm25_exposed_count,health_no2_exposed_rate,health_pm25_exposed_rate,health_mean_no2,health_mean_pm25,population_severity,school_severity,health_severity,population_exposed_count,school_exposed_count,health_exposed_count,severity_index,scale_index,baseline_score,baseline_rank,severity_focused_score,severity_focused_rank,scale_focused_score,scale_focused_rank,rank_change_range,priority_tier
Westminster,211400,211400,1.0,27.6,143800,0.6805,10.27,westminster,92,92,67,1.0,0.7282608695652174,27.910869565217393,10.329347826086956,24,24,24,1.0,1.0,29.208333333333332,12.512500000000001,0.8402499999999999,0.8641304347826086,1.0,177600.0,79.5,24.0,0.8953391304347826,0.8971428571428572,89.624099378882,1,89.58802484472051,1,89.66017391304348,1,0,Tier 1
Tower Hamlets,325800,325800,1.0,25.84,126600,0.3886,9.96,towerhamlets,115,115,53,1.0,0.4608695652173913,26.202608695652174,10.040869565217392,9,9,8,1.0,0.8888888888888888,26.922222222222224,11.455555555555556,0.6943,0.7304347826086957,0.9444444444444444,226200.0,84.0,8.5,0.780183768115942,0.8021276595744681,79.1155713845205,2,78.67669355534998,2,79.55444921369102,3,1,Tier 1
Camden,218000,218000,1.0,27.19,83600,0.3834,9.97,camden,101,101,43,1.0,0.42574257425742573,27.320792079207923,10.013861386138613,27,27,20,1.0,0.7407407407407407,29.544444444444448,12.496296296296295,0.6917,0.7128712871287128,0.8703703703703703,150800.0,72.0,23.5,0.7516524972497249,0.8161170212765957,78.38847592631603,3,77.09918544577862,3,79.67776640685344,2,1,Tier 1
Southwark,311900,311900,1.0,25.47,108700,0.3486,9.89,southwark,123,123,39,1.0,0.3170731707317073,25.365040650406506,9.876422764227643,7,7,4,1.0,0.5714285714285714,24.985714285714288,10.485714285714286,0.6743,0.6585365853658537,0.7857142857142857,210300.0,81.0,5.5,0.7029952613240418,0.7247226443768997,71.38589528504707,4,70.95134762398992,6,71.82044294610422,4,2,Tier 1
Hackney,261500,261500,1.0,24.36,95300,0.3643,9.94,hackney,104,104,21,1.0,0.20192307692307693,23.896153846153844,9.851923076923075,17,17,10,1.0,0.5882352941176471,25.08823529411765,10.423529411764704,0.68215,0.6009615384615384,0.7941176470588236,178400.0,62.5,13.5,0.6913837556561087,0.7038145896656536,69.75991726608811,5,69.5113005858972,7,70.008533946279,5,2,Tier 1
Wandsworth,329000,329000,1.0,23.1,29900,0.0907,9.56,wandsworth,114,114,5,1.0,0.043859649122807015,22.894736842105264,9.53157894736842,22,22,12,1.0,0.5454545454545454,22.822727272727274,10.177272727272728,0.54535,0.5219298245614035,0.7727272727272727,179450.0,59.5,17.0,0.6065371291866029,0.7396561550151977,67.30966421009002,6,64.64728369351813,9,69.97204472666192,6,3,Tier 1
Lambeth,316800,316800,1.0,24.58,76600,0.2419,9.82,lambeth,103,103,19,1.0,0.18446601941747573,24.633009708737863,9.809708737864078,22,22,5,1.0,0.22727272727272727,23.59090909090909,9.945454545454545,0.62095,0.5922330097087378,0.6136363636363636,196700.0,61.0,13.5,0.6101408120035304,0.7311360182370821,67.06384151203062,7,64.6439373873596,10,69.48374563670166,7,3,Tier 1
Kensington & Chelsea,146200,146200,1.0,26.66,84200,0.5761999999999999,10.15,kensingtonandchelsea,75,75,42,1.0,0.56,26.56,10.106666666666667,10,10,8,1.0,0.8,26.810000000000002,11.41,0.7881,0.78,0.9,115200.0,58.5,9.0,0.81924,0.519224924012158,66.9232462006079,8,72.92354772036474,5,60.92294468085107,12,7,Tier 1
Islington,220400,220400,1.0,26.02,112700,0.5114,10.06,islington,72,72,37,1.0,0.5138888888888888,26.174999999999997,10.095833333333333,10,10,4,1.0,0.4,24.380000000000003,10.07,0.7557,0.7569444444444444,0.7,166550.0,54.5,7.0,0.7393633333333334,0.5711037234042553,65.52335283687944,9,68.88854503546101,8,62.158160638297865,10,2,Tier 1
Ealing,369900,358100,0.9681000000000001,22.14,11400,0.0308,9.15,ealing,115,112,2,0.9739130434782609,0.017391304347826087,22.028695652173916,9.110434782608696,27,27,5,1.0,0.18518518518518517,22.288888888888888,9.496296296296295,0.49945000000000006,0.4956521739130435,0.5925925925925926,184750.0,57.0,16.0,0.5262534299516908,0.7274259118541034,62.68396709028971,10,58.66051745224146,12,66.70741672833796,8,4,Tier 2
Newham,358600,349300,0.9741,21.77,12800,0.0358,9.39,newham,115,112,1,0.9739130434782609,0.008695652173913044,21.580869565217395,9.332173913043478,16,16,5,1.0,0.3125,21.19375,9.73125,0.50495,0.49130434782608695,0.65625,181050.0,56.5,10.5,0.5462463043478261,0.6488202887537994,59.75332965508127,11,57.7018499669618,13,61.80480934320074,11,2,Tier 2
Brent,341200,324200,0.9501000000000001,22.65,20100,0.058899999999999994,9.41,brent,104,91,1,0.875,0.009615384615384616,22.396153846153844,9.34423076923077,39,33,6,0.8461538461538461,0.15384615384615385,21.666666666666668,9.397435897435898,0.5045000000000001,0.4423076923076923,0.5,172150.0,46.0,19.5,0.4844923076923078,0.7103210486322189,59.740667816226335,12,55.22409299742812,14,64.25724263502455,9,5,Tier 2
Hammersmith & Fulham,185200,185200,1.0,24.56,40600,0.2189,9.87,hammersmithandfulham,82,82,12,1.0,0.14634146341463414,24.382926829268293,9.829268292682928,13,13,8,1.0,0.6153846153846154,25.53846153846154,10.476923076923075,0.60945,0.573170731707317,0.8076923076923077,112900.0,47.0,10.5,0.6580389118198875,0.49319528875379937,57.561710028684345,13,60.85858249000611,11,54.26483756736258,14,3,Tier 2
City of London,10800,10800,1.0,30.19,10800,1.0,10.82,cityoflondon,9,9,9,1.0,1.0,29.877777777777776,10.766666666666667,7,7,7,1.0,1.0,30.057142857142853,13.157142857142857,1.0,1.0,1.0,10800.0,9.0,7.0,1.0,0.13047872340425531,56.523936170212764,14,73.91436170212765,4,39.13351063829787,22,18,Tier 2
Lewisham,298700,272900,0.9139,21.91,7500,0.025,9.38,lewisham,97,83,0,0.8556701030927835,0.0,21.841237113402062,9.375257731958763,30,30,3,1.0,0.1,21.673333333333336,9.473333333333333,0.46945000000000003,0.42783505154639173,0.55,140200.0,41.5,16.5,0.4811305154639176,0.5988981762917933,54.001434587785546,15,51.646081371228036,16,56.35678780434306,13,3,Tier 2
Haringey,261800,260300,0.9941,21.88,8300,0.0315,9.34,haringey,98,96,0,0.9795918367346939,0.0,21.71938775510204,9.262244897959183,16,16,4,1.0,0.25,21.78125,9.70625,0.5128,0.4897959183673469,0.625,134300.0,48.0,10.0,0.539558775510204,0.5285980243161094,53.40783999131566,16,53.627055015197556,15,53.188624967433775,15,1,Tier 2
Hounslow,290500,283700,0.9765999999999999,22.88,11400,0.0391,8.99,hounslow,90,83,2,0.9222222222222223,0.022222222222222223,22.47888888888889,8.927777777777777,17,15,3,0.8823529411764706,0.17647058823529413,22.88823529411765,9.200000000000001,0.5078499999999999,0.47222222222222227,0.5294117647058824,147550.0,42.5,9.0,0.5036301960784313,0.519849924012158,51.17400600452946,17,50.84961144585493,17,51.498400563203994,16,1,Tier 2
Merton,214700,187500,0.8734000000000001,21.12,1900,0.0087,9.19,merton,73,63,0,0.863013698630137,0.0,21.126027397260273,9.165753424657535,22,20,4,0.9090909090909091,0.18181818181818182,21.14090909090909,9.454545454545455,0.44105000000000005,0.4315068493150685,0.5454545454545454,94700.0,31.5,12.0,0.4695084184308842,0.4244870820668693,44.69977502488768,18,45.60020175216797,18,43.799348297607374,20,2,Tier 2
Greenwich,291100,194100,0.6667000000000001,21.06,12700,0.0437,9.18,greenwich,106,71,1,0.6698113207547169,0.009433962264150943,20.87547169811321,9.138679245283019,30,23,3,0.7666666666666667,0.1,21.043333333333333,9.313333333333333,0.3552,0.33962264150943394,0.43333333333333335,103400.0,36.0,13.0,0.3739667924528302,0.4688601823708206,42.14134874118254,19,40.243480942822735,19,44.039216539542345,19,0,Tier 2
Croydon,392200,203400,0.5185,19.57,9000,0.0229,9.02,croydon,155,79,0,0.5096774193548387,0.0,19.47741935483871,8.977419354838709,72,33,5,0.4583333333333333,0.06944444444444445,19.556944444444444,9.079166666666667,0.2707,0.25483870967741934,0.2638888888888889,106200.0,39.5,19.0,0.2638982795698925,0.5629559270516717,41.342710331078216,20,35.36155738144263,23,47.32386328071379,17,6,Tier 2
Barnet,389100,217400,0.5587,20.6,9900,0.0254,8.96,barnet,175,97,4,0.5542857142857143,0.022857142857142857,20.465142857142858,8.935428571428572,44,20,5,0.45454545454545453,0.11363636363636363,19.754545454545454,9.036363636363637,0.29205,0.2885714285714286,0.28409090909090906,113650.0,50.5,12.5,0.28861870129870126,0.5325664893617021,41.05925953302017,21,36.18030377176016,22,45.93821529428019,18,4,Tier 2
Waltham Forest,275900,206200,0.7474,20.69,7900,0.0288,9.14,walthamforest,88,59,1,0.6704545454545454,0.011363636363636364,20.297727272727272,9.042045454545455,25,17,5,0.68,0.2,20.715999999999998,9.296,0.3881,0.3409090909090909,0.44000000000000006,107050.0,30.0,11.0,0.3895127272727273,0.42841755319148933,40.89651402321083,22,40.11841750483559,20,41.67461054158606,21,2,Tier 2
Richmond upon Thames,194900,146900,0.7537999999999999,21.11,2000,0.0102,8.95,richmonduponthames,86,63,1,0.7325581395348837,0.011627906976744186,21.08372093023256,8.932558139534883,19,15,3,0.7894736842105263,0.15789473684210525,20.75263157894737,9.057894736842105,0.38199999999999995,0.37209302325581395,0.4736842105263158,74450.0,32.0,9.0,0.4065331701346389,0.3518142097264438,37.91736899305413,23,39.01174820121803,21,36.82298978489023,23,2,Tier 2
Enfield,327200,144400,0.4414,19.91,8600,0.0263,8.87,enfield,109,34,1,0.3119266055045872,0.009174311926605505,19.486238532110093,8.7697247706422,54,23,6,0.42592592592592593,0.1111111111111111,19.857407407407408,9.101851851851851,0.23385,0.16055045871559634,0.2685185185185185,76500.0,17.5,14.5,0.22226069317023445,0.37390197568389055,29.808133442706254,24,26.77530779243313,25,32.840959092979375,24,1,Tier 2
Kingston upon Thames,168300,87200,0.5182,20.16,3000,0.0178,8.83,kingstonuponthames,65,29,0,0.4461538461538462,0.0,20.16923076923077,8.832307692307692,22,12,5,0.5454545454545454,0.22727272727272727,20.486363636363635,9.254545454545454,0.268,0.2230769230769231,0.38636363636363635,45100.0,14.5,8.5,0.29003216783216784,0.2305205167173252,26.02763422747465,25,27.217867249771505,24,24.8374012051778,25,1,Tier 3
Hillingdon,310700,158400,0.5097999999999999,20.25,400,0.0012,8.53,hillingdon,114,45,0,0.39473684210526316,0.0,19.67017543859649,8.407894736842104,29,8,0,0.27586206896551724,0.0,18.689655172413794,8.524137931034483,0.25549999999999995,0.19736842105263158,0.13793103448275862,79400.0,22.5,4.0,0.20278983666061703,0.2628951367781155,23.284248671936624,26,22.08214266958666,26,24.48635467428659,26,0,Tier 3
Redbridge,310900,85400,0.2747,19.39,6700,0.0216,8.87,redbridge,95,23,0,0.24210526315789474,0.0,19.13684210526316,8.792631578947368,51,14,7,0.27450980392156865,0.13725490196078433,19.445098039215686,9.06078431372549,0.14815,0.12105263157894737,0.2058823529411765,46050.0,11.5,10.5,0.15734049535603717,0.2470345744680851,20.218753491206115,27,18.42487190896516,27,22.012635073447072,27,0,Tier 3
Barking & Dagenham,220000,47600,0.2162,18.94,2100,0.0095,8.73,barkinganddagenham,67,13,0,0.19402985074626866,0.0,18.8044776119403,8.671641791044776,13,3,2,0.23076923076923078,0.15384615384615385,19.338461538461537,9.053846153846154,0.11285,0.09701492537313433,0.19230769230769232,24850.0,6.5,2.5,0.13193678530424802,0.08919262917933131,11.056470724178965,28,11.9113538466773,28,10.20158760168063,29,1,Tier 3
Sutton,210100,49700,0.2366,19.32,0,0.0,8.83,sutton,73,19,0,0.2602739726027397,0.0,19.413698630136988,8.832876712328767,32,4,1,0.125,0.03125,18.49375,8.746875,0.1183,0.13013698630136986,0.078125,24850.0,9.5,2.5,0.10979859589041097,0.09990691489361701,10.4852755392014,29,10.683109159137278,29,10.28744191926552,28,1,Tier 3
Bromley,329600,43500,0.132,17.73,0,0.0,8.52,bromley,121,9,0,0.0743801652892562,0.0,17.374380165289256,8.421487603305785,35,6,1,0.17142857142857143,0.02857142857142857,18.234285714285715,8.871428571428572,0.066,0.0371900826446281,0.1,21750.0,4.5,3.5,0.06755702479338843,0.08928001519756838,7.841851999547841,30,7.4073921914642415,30,8.276311807631439,30,0,Tier 3
Harrow,261200,44000,0.1685,19.08,0,0.0,8.68,harrow,74,11,0,0.14864864864864866,0.0,18.995945945945948,8.64054054054054,35,1,3,0.02857142857142857,0.08571428571428572,19.025714285714287,8.84,0.08425,0.07432432432432433,0.05714285714285714,22000.0,5.5,2.0,0.07314015444015444,0.07414893617021276,7.36445453051836,31,7.344278895917193,31,7.384630165119526,31,0,Tier 3
Bexley,247800,15300,0.0616,18.19,1500,0.0060999999999999995,8.59,bexley,92,2,0,0.021739130434782608,0.0,18.03369565217391,8.544565217391305,15,0,1,0.0,0.06666666666666667,17.993333333333332,8.74,0.03385,0.010869565217391304,0.03333333333333333,8400.0,1.0,0.5,0.02680086956521739,0.014642857142857143,2.072186335403727,32,2.3153465838509315,32,1.8290260869565218,32,0,Tier 3
Havering,264700,4400,0.0168,16.17,0,0.0,8.1,havering,92,0,0,0.0,0.0,16.017391304347825,8.040217391304349,28,1,0,0.03571428571428571,0.0,16.37857142857143,8.285714285714286,0.0084,0.0,0.017857142857142856,2200.0,0.0,0.5,0.008717142857142857,0.0,0.4358571428571429,33,0.6102,33,0.2615142857142857,33,0,Tier 3
